ref_main.html,main,main
ref_miyako.html,Miyako,module
ref_audio.html,Miyako::Audio,module
ref_audio_bgm.html,Miyako::Audio::BGM,class
ref_audio_se.html,Miyako::Audio::SE,class
ref_single_enumerable.html,Miyako::SingleEnumerable,module
ref_bitmap.html,Miyako::Bitmap,class
ref_choice.html,Miyako::Choice<br>(Miyako::ChoiceStruct),struct
ref_choices.html,Miyako::Choices,class
ref_collision.html,Miyako::Collision,class
ref_collision_ex.html,Miyako::CollisionEx,class
ref_circle_collision.html,Miyako::CircleCollision,class
ref_circle_collision_ex.html,Miyako::CircleCollisionEx,class
ref_collisions.html,Miyako::Collisions,class
ref_collisions_ex.html,Miyako::CollisionsEx,class
ref_color.html,Miyako::Color,class
ref_diagram.html,Miyako::Diagram,module
ref_diagram_arrow.html,Miyako::Diagram:Arrow,struct
ref_diagram_node_base.html,Miyako::Diagram::NodeBase,module
ref_diagram_trigger_base.html,Miyako::Diagram::TriggerBase,module
ref_default_trigger.html,Miyako::Diagram::DefaultTrigger,class
ref_diagram_body.html,Miyako::Diagram::DiagramBody,class
ref_diagram_manager.html,Miyako::Diagram::Manager,class
ref_diagram_renderer.html,Miyako::Diagram::Renderer,class
ref_diagram_processor.html,Miyako::Diagram::Processor,class
ref_drawing.html,Miyako::Drawing,module
ref_fixedmap.html,Miyako::FixedMap,class
ref_fixedmap_layer.html,Miyako::FixedMap::FixedMapLayer,class
ref_font.html,Miyako::Font,class
ref_initiative_yuki_template.html,Miyako::InitiativeYukiTemplate,module
ref_initiative_yuki.html,Miyako::InitiativeYuki,class
ref_yuki_canceled.html,Miyako::InitiativeYuki::Canceled,struct
ref_yuki_command.html,Miyako::InitiativeYuki::Command,struct
ref_yuki_command_ex.html,Miyako::InitiativeYuki::CommandEx,struct
ref_input.html,Miyako::Input,module
ref_layout_struct.html,Miyako::LayoutStruct,struct
ref_layout_snap_struct.html,Miyako::LayoutSnapStruct,struct
ref_layout.html,Miyako::Layout,module
ref_layout_space.html,Miyako::LayoutSpace,class
ref_map.html,Miyako::Map,class
ref_map_layer.html,Miyako::Map::MapLayer,class
ref_map_event.html,Miyako::MapEvent,module
ref_map_event_manager.html,Miyako::MapEventManager,class
ref_map_chip.html,Miyako::MapChip<br>(Miyako::MapChipStruct),struct
ref_map_chip_factory.html,Miyako::MapChipFactory,class
ref_map_struct.html,Miyako::MapStruct<br>(Miyako::MapStructStruct),struct
ref_map_struct_factory.html,Miyako::MapStructFactory,class
ref_map_dir.html,Miyako::MapDir,class
ref_sprite_base.html,Miyako::SpriteBase,module
ref_animation.html,Miyako::Animation,module
ref_sprite_array.html,Miyako::SpriteArray,module
ref_deep_copy.html,Miyako::DeepCopy,module
ref_movie.html,Miyako::Movie,class
ref_parts.html,Miyako::Parts,class
ref_plane.html,Miyako::Plane,class
ref_screen.html,Miyako::Screen,module
ref_shape.html,Miyako::Shape,class
ref_sprite.html,Miyako::Sprite,class
ref_sprite_animation.html,Miyako::SpriteAnimation,class
ref_list_pair.html,Miyako::ListPair<br>(Miyako::ListPairStruct),struct
ref_sprite_list.html,Miyako::SpriteList,class
ref_sprite_unit.html,Miyako::SpriteUnit<br>(Miyako::SpriteUnitBase),struct
ref_sprite_unit_factory.html,Miyako::SpriteUnitFactory,class
ref_story.html,Miyako::Story,class
ref_scene_pool.html,Miyako::ScenePool,struct
ref_scene.html,Miyako::Scene,module
ref_point.html,Miyako::Point<br>(Miyako::PointStruct),struct
ref_rect.html,Miyako::Rect<br>(Miyako::RectStruct),struct
ref_segment.html,Miyako::Segment<br>(Miyako::SegmentStruct),struct
ref_segments.html,Miyako::Segments<br>(Miyako::SegmentStruct),class
ref_size.html,Miyako::Size<br>(Miyako::SizeStruct),struct
ref_square.html,Miyako::Square<br>(Miyako::SquareStruct),struct
ref_text_box.html,Miyako::TextBox,class
ref_utility.html,Miyako::Utility,module
ref_viewport.html,Miyako::Viewport,class
ref_wait_counter.html,Miyako::WaitCounter,class
ref_yuki.html,Miyako::Yuki,class
ref_yuki_canceled.html,Miyako::Yuki::Canceled,struct
ref_yuki_command.html,Miyako::Yuki::Command,struct
ref_yuki_command_ex.html,Miyako::Yuki::CommandEx,struct
ref_miyako_error.html,Miyako::MiyakoError,exception
ref_miyako_io_error.html,Miyako::MiyakoIOError,exception
ref_miyako_file_format_error.html,Miyako::MiyakoFileFormatError,exception
ref_miyako_value_error.html,Miyako::MiyakoValueError,exception
ref_miyako_proc_error.html,Miyako::MiyakoProcError,exception
ref_miyako_type_error.html,Miyako::MiyakoTypeError,exception
ref_miyako_copy_error.html,Miyako::MiyakoCopyError,exception
ref_raster_scroll.html,Miyako::RasterScroll,class
ref_slides.html,Miyako::Slides,module
ref_array.html,Array,class
ref_hash.html,Hash,class
ref_integer.html,Integer,class
ref_numeric.html,Numeric,class
ref_object.html,Object,class
ref_string.html,String,class
ref_symbol.html,Symbol,class
